"","X","april","march","february","january","december","november","october","september","august"
"1",1,"sargargearg","sargargearg","sargargearg","sargargearg","sargargearg","sargargearg","sargargearg","sargargearg","sargargearg"
"2",2,"sargargearg","sargargearg","sargargearg","sargargearg","sargargearg","sargargearg","sargargearg","sargargearg","sargargearg"
"3",3,"sargargearg","sargargearg","sargargearg","sargargearg","WGEWGWE","sargargearg","sargargearg","sargargearg","sargargearg"
"4",4,"ewfweg","wegGWE","sargargearg","WGWE","WGEWGWE","WGWE","WGWE","sargargearg","sargargearg"
"5",5,"ewfweg","wegGWE","sargargearg","sargargearg","WGEWGWE","sargargearg","sargargearg","sargargearg","sargargearg"
"6",6,"ewfweg","wegGWE","sargargearg","sargargearg","WGEWGWE","sargargearg","sargargearg","sargargearg","sargargearg"
"7",7,"ewfweg","wegGWE","WEGwgwe","sargargearg","WGEWGWE","sargargearg","sargargearg","sargargearg","sargargearg"
"8",8,"ewfweg","wegGWE","WEGwgwe","sargargearg","WGEWGWE","sargargearg","sargargearg","sargargearg","sargargearg"
"9",9,"ewfweg","wegGWE","WEGwgwe","sargargearg","WGEWGWE","sargargearg","sargargearg","sargargearg","sargargearg"
"10",10,"ewfweg","wegGWE","WEGwgwe","sargargearg","WGEWGWE","sargargearg","sargargearg","sargargearg","sargargearg"
"11",11,"ewfweg","wegGWE","WEGwgwe","sargargearg","WGEWGWE","sargargearg","sargargearg","sargargearg","sargargearg"
"12",12,"ewfweg","wegGWE","sargargearg","sargargearg","WGEWGWE","sargargearg","sargargearg","sargargearg","sargargearg"
"13",13,"ewfweg","wegGWE","sargargearg","sargargearg","sargargearg","sargargearg","sargargearg","sargargearg","sargargearg"
"14",14,"ewfweg","wegGWE","sargargearg","sargargearg","sargargearg","sargargearg","sargargearg","sargargearg","sargargearg"
"15",15,"ewfweg","wegGWE","sargargearg","sargargearg","sargargearg","sargargearg","sargargearg","sargargearg","sargargearg"
"16",16,"ewfweg","wegGWE","sargargearg","sargargearg","sargargearg","sargargearg","sargargearg","sargargearg","sargargearg"
